{
  "products": [
    {
      "id": "3871280801208409",
      "name": "【仅作展示】188元享二人极致套餐",
      "description": "酒香就怕巷子深，吃一口念念不忘",
      "image": "../../assets/product-square.png",
      "subtitle": "酒香就怕巷子深，吃一口念念不忘",
      "notice": "购买前请仔细阅读须知。",
      "package_details": [
        {
          "category": "开胃小菜（三选一）",
          "options": [
            {
              "name": "菜品1",
              "price": 45,
              "description": "（一份）"
            },
            {
              "name": "菜品2",
              "price": 45,
              "description": "（一份）"
            },
            {
              "name": "菜品3",
              "price": 45,
              "description": "（一份）"
            }
          ]
        },
        {
          "category": "主菜（二选一）",
          "options": [
            {
              "name": "菜品4",
              "price": 45,
              "description": "（一份）"
            },
            {
              "name": "菜品5",
              "price": 45,
              "description": "（一份）"
            }
          ]
        },
        {
          "category": "甜点（一选一）",
          "options": [
            {
              "name": "菜品6",
              "price": 45,
              "description": "（一份）"
            },
            {
              "name": "菜品7",
              "price": 45,
              "description": "（一份）"
            }
          ]
        }
      ],
      "graphic_details": [
        {
          "image": "../../assets/product-square2.png",
          "description": "这是商品1的图文详情1。"
        },
        {
          "image": "../../assets/product-square3.png",
          "description": "这是商品1的图文详情2。"
        }
      ],
      "rating": 4.5,
      "sales": 1000,
      "original_price": 109.99,
      "current_price": 188,
      "marketing": 9.1
    },
    {
      "id": "3871280801208410",
      "name": "【海底捞】188二人极致套餐",
      "description": "两个人顶饱啊！！一定够吃！",
      "image": "../../assets/product-square2.png",
      "subtitle": "两个人顶饱啊！！一定够吃！",
      "notice": "购买前请仔细阅读须知。",
      "package_details": [
        {
          "category": "开胃小菜（三选一）",
          "options": [
            {
              "name": "菜品8",
              "price": 45,
              "description": "（一份）"
            },
            {
              "name": "菜品9",
              "price": 45,
              "description": "（一份）"
            },
            {
              "name": "菜品10",
              "price": 45,
              "description": "（一份）"
            }
          ]
        },
        {
          "category": "主菜（二选一）",
          "options": [
            {
              "name": "菜品11",
              "price": 45,
              "description": "（一份）"
            },
            {
              "name": "菜品12",
              "price": 45,
              "description": "（一份）"
            }
          ]
        },
        {
          "category": "甜点（一选一）",
          "options": [
            {
              "name": "菜品13",
              "price": 45,
              "description": "（一份）"
            },
            {
              "name": "菜品14",
              "price": 45,
              "description": "（一份）"
            }
          ]
        }
      ],
      "graphic_details": [
        {
          "image": "../../assets/product-square.png",
          "description": "这是商品2的图文详情1。"
        },
        {
          "image": "../../assets/product-square2.png",
          "description": "这是商品2的图文详情2。"
        }
      ],
      "rating": 4.0,
      "sales": 500,
      "original_price": 209.99,
      "current_price": 1188,
      "marketing": 9.1
    },
    {
      "id": "3871280801208411",
      "name": "桃花潭水深千尺·一口回甘",
      "description": "这是商品2的描述。",
      "image": "../../assets/product-square3.png",
      "subtitle": "咬一口拉丝绕自己3圈！",
      "notice": "购买前请仔细阅读须知。",
      "package_details": [
        {
          "category": "开胃小菜（三选一）",
          "options": [
            {
              "name": "菜品8",
              "price": 45,
              "description": "（一份）"
            },
            {
              "name": "菜品9",
              "price": 45,
              "description": "（一份）"
            },
            {
              "name": "菜品10",
              "price": 45,
              "description": "（一份）"
            }
          ]
        },
        {
          "category": "主菜（二选一）",
          "options": [
            {
              "name": "菜品11",
              "price": 45,
              "description": "（一份）"
            },
            {
              "name": "菜品12",
              "price": 45,
              "description": "（一份）"
            }
          ]
        },
        {
          "category": "甜点（一选一）",
          "options": [
            {
              "name": "菜品13",
              "price": 45,
              "description": "（一份）"
            },
            {
              "name": "菜品14",
              "price": 45,
              "description": "（一份）"
            }
          ]
        }
      ],
      "graphic_details": [
        {
          "image": "../../assets/product-square.png",
          "description": "这是商品2的图文详情1。"
        },
        {
          "image": "../../assets/product-square2.png",
          "description": "这是商品2的图文详情2。"
        }
      ],
      "rating": 4.0,
      "sales": 500,
      "original_price": 209.99,
      "current_price": 1188,
      "marketing": 9.1
    },
    {
      "id": "3871280801208410",
      "name": "【海底捞】188二人极致套餐",
      "description": "两个人顶饱啊！！一定够吃！",
      "image": "../../assets/product-square2.png",
      "subtitle": "两个人顶饱啊！！一定够吃！",
      "notice": "购买前请仔细阅读须知。",
      "package_details": [
        {
          "category": "开胃小菜（三选一）",
          "options": [
            {
              "name": "菜品8",
              "price": 45,
              "description": "（一份）"
            },
            {
              "name": "菜品9",
              "price": 45,
              "description": "（一份）"
            },
            {
              "name": "菜品10",
              "price": 45,
              "description": "（一份）"
            }
          ]
        },
        {
          "category": "主菜（二选一）",
          "options": [
            {
              "name": "菜品11",
              "price": 45,
              "description": "（一份）"
            },
            {
              "name": "菜品12",
              "price": 45,
              "description": "（一份）"
            }
          ]
        },
        {
          "category": "甜点（一选一）",
          "options": [
            {
              "name": "菜品13",
              "price": 45,
              "description": "（一份）"
            },
            {
              "name": "菜品14",
              "price": 45,
              "description": "（一份）"
            }
          ]
        }
      ],
      "graphic_details": [
        {
          "image": "../../assets/product-square.png",
          "description": "这是商品2的图文详情1。"
        },
        {
          "image": "../../assets/product-square2.png",
          "description": "这是商品2的图文详情2。"
        }
      ],
      "rating": 4.0,
      "sales": 500,
      "original_price": 209.99,
      "current_price": 1188,
      "marketing": 9.1
    },
    {
      "id": "3871280801208409",
      "name": "烛光晚餐·也可以4个人一起吃",
      "description": "酒香就怕巷子深，吃一口念念不忘",
      "image": "../../assets/product-square.png",
      "subtitle": "酒香就怕巷子深，吃一口念念不忘",
      "notice": "购买前请仔细阅读须知。",
      "package_details": [
        {
          "category": "开胃小菜（三选一）",
          "options": [
            {
              "name": "菜品1",
              "price": 45,
              "description": "（一份）"
            },
            {
              "name": "菜品2",
              "price": 45,
              "description": "（一份）"
            },
            {
              "name": "菜品3",
              "price": 45,
              "description": "（一份）"
            }
          ]
        },
        {
          "category": "主菜（二选一）",
          "options": [
            {
              "name": "菜品4",
              "price": 45,
              "description": "（一份）"
            },
            {
              "name": "菜品5",
              "price": 45,
              "description": "（一份）"
            }
          ]
        },
        {
          "category": "甜点（一选一）",
          "options": [
            {
              "name": "菜品6",
              "price": 45,
              "description": "（一份）"
            },
            {
              "name": "菜品7",
              "price": 45,
              "description": "（一份）"
            }
          ]
        }
      ],
      "graphic_details": [
        {
          "image": "../../assets/product-square2.png",
          "description": "这是商品1的图文详情1。"
        },
        {
          "image": "../../assets/product-square3.png",
          "description": "这是商品1的图文详情2。"
        }
      ],
      "rating": 4.5,
      "sales": 1000,
      "original_price": 109.99,
      "current_price": 188,
      "marketing": 9.1
    },
    {
      "id": "3871280801208410",
      "name": "【香之味】666极致香喷喷",
      "description": "两个人顶饱啊！！一定够吃！",
      "image": "../../assets/product-square2.png",
      "subtitle": "两个人顶饱啊！！一定够吃！",
      "notice": "购买前请仔细阅读须知。",
      "package_details": [
        {
          "category": "开胃小菜（三选一）",
          "options": [
            {
              "name": "菜品8",
              "price": 45,
              "description": "（一份）"
            },
            {
              "name": "菜品9",
              "price": 45,
              "description": "（一份）"
            },
            {
              "name": "菜品10",
              "price": 45,
              "description": "（一份）"
            }
          ]
        },
        {
          "category": "主菜（二选一）",
          "options": [
            {
              "name": "菜品11",
              "price": 45,
              "description": "（一份）"
            },
            {
              "name": "菜品12",
              "price": 45,
              "description": "（一份）"
            }
          ]
        },
        {
          "category": "甜点（一选一）",
          "options": [
            {
              "name": "菜品13",
              "price": 45,
              "description": "（一份）"
            },
            {
              "name": "菜品14",
              "price": 45,
              "description": "（一份）"
            }
          ]
        }
      ],
      "graphic_details": [
        {
          "image": "../../assets/product-square.png",
          "description": "这是商品2的图文详情1。"
        },
        {
          "image": "../../assets/product-square2.png",
          "description": "这是商品2的图文详情2。"
        }
      ],
      "rating": 4.0,
      "sales": 500,
      "original_price": 209.99,
      "current_price": 1188,
      "marketing": 9.1
    }
  ],
  "orders": [
    {
      "order_no": "ots72262761024682581054583",
      "out_order_no": "ext_ots72262761024682581054583",
      "order_status": 0,
      "product_image": "../../assets/order1.png",
      "product_name": "【海底捞】188二人极致套餐",
      "product_price": 153,
      "product_quantity": 2,
      "order_paid": true,
      "pay_remind": "请在5分钟内完成支付",
      "order_expiry": "有效期至2023-05-25",
      "order_total": 306.00
    },
    {
      "order_no": "ots72262653756152732534583",
      "out_order_no": "ext_ots72262653756152732534583",
      "order_status": 5,
      "product_image": "../../assets/order2.png",
      "product_name": "吉祥如意·啵啵乳茶",
      "product_price": 50.00,
      "product_quantity": 1,
      "order_paid": false,
      "pay_remind": "请在5分钟内完成支付",
      "order_expiry": "有效期至2023-05-25",
      "order_total": 50.00
    },
    {
      "order_no": "ots72262653756152732534583",
      "out_order_no": "ext_ots72262653756152732534583",
      "order_status": 4,
      "product_image": "../../assets/order3.png",
      "product_name": "榴莲火腿芝士三拼",
      "product_price": 50.00,
      "product_quantity": 1,
      "order_paid": false,
      "pay_remind": "请在5分钟内完成支付",
      "order_expiry": "有效期至2023-05-25",
      "order_total": 50.00
    },
    {
      "order_no": "ots72263067317506563114583",
      "out_order_no": "ext_ots72262653756152732534583",
      "order_status": 3,
      "product_image": "../../assets/order1.png",
      "product_name": "辣椒炒肉之湘菜保护神",
      "product_price": 50.00,
      "product_quantity": 2,
      "order_paid": false,
      "pay_remind": "请在5分钟内完成支付",
      "order_expiry": "有效期至2023-05-25",
      "order_total": 100.00
    },
    {
      "order_no": "ots72262653756152732534583",
      "out_order_no": "ext_ots72262653756152732534583",
      "order_status": 4,
      "product_image": "../../assets/order3.png",
      "product_name": "Min·RAP芝士三拼",
      "product_price": 50.00,
      "product_quantity": 1,
      "order_paid": false,
      "pay_remind": "请在5分钟内完成支付",
      "order_expiry": "有效期至2023-05-25",
      "order_total": 50.00
    },
    {
      "order_no": "ots72262653756152732534583",
      "out_order_no": "ext_ots72262653756152732534583",
      "order_status": 5,
      "product_image": "../../assets/order1.png",
      "product_name": "妈妈的味道·你爱了吗",
      "product_price": 50.00,
      "product_quantity": 1,
      "order_paid": false,
      "pay_remind": "请在5分钟内完成支付",
      "order_expiry": "有效期至2023-05-25",
      "order_total": 50.00
    },
    {
      "order_no": "ots72262653756152732534583",
      "out_order_no": "ext_ots72262653756152732534583",
      "order_status": 4,
      "product_image": "../../assets/order2.png",
      "product_name": "【童年记忆】三碗不过岗",
      "product_price": 50.00,
      "product_quantity": 1,
      "order_paid": false,
      "pay_remind": "请在5分钟内完成支付",
      "order_expiry": "有效期至2023-05-25",
      "order_total": 50.00
    },
    {
      "order_no": "ots72262761024682581054583",
      "out_order_no": "ext_ots72262761024682581054583",
      "order_status": 5,
      "product_image": "../../assets/order2.png",
      "product_name": "【海底捞】188二人极致套餐",
      "product_price": 153,
      "product_quantity": 2,
      "order_paid": true,
      "pay_remind": "请在5分钟内完成支付",
      "order_expiry": "有效期至2023-05-25",
      "order_total": 306.00
    }
  ]
}