{
    "condition": {
        "miniprogram": {
            "current": 1705288797874,
            "list": [
                {
                    "id": 1705288797874,
                    "name": "pages/index/applyrefund/applyrefund",
                    "pathName": "pages/index/applyrefund/applyrefund",
                    "query": "",
                    "scene": "990001",
                    "launchFrom": "scan",
                    "location": "qr_code",
                    "mockUpdateType": "Noupdate"
                }
            ]
        }
    },
    "setting": {
        "urlCheck": false
    }
}
